day_id,condition_text
D0001,Light Precipitation
D0002,Cloudy and Overcast
D0003,Light Rain with Thunder
D0004,Clear and Sunny
D0005,Clear and Sunny
D0006,Clear and Sunny
D0007,Partly Cloudy
D0008,Partly Cloudy
D0009,Partly Cloudy
D0010,Partly Cloudy
D0011,Clear and Sunny
D0012,Clear and Sunny
D0013,Clear and Sunny
D0014,Clear and Sunny
D0015,Clear and Sunny
D0016,Clear and Sunny
D0017,Partly Cloudy
D0018,Clear and Sunny
D0019,Clear and Sunny
D0020,Thunderstorms
D0021,Clear and Sunny
D0022,Clear and Sunny
D0023,Clear and Sunny
D0024,Light Precipitation
D0025,Mist or Fog
D0026,Clear and Sunny
D0027,Clear and Sunny
D0028,Partly Cloudy
D0029,Partly Cloudy
D0030,Partly Cloudy
D0031,Clear and Sunny
D0032,Moderate to Heavy Rain
D0033,Mist or Fog
D0034,Rain Showers
D0035,Partly Cloudy
D0036,Partly Cloudy
D0037,Partly Cloudy
D0038,Partly Cloudy
D0039,Clear and Sunny
D0040,Partly Cloudy
D0041,Partly Cloudy
D0042,Light Rain with Thunder
D0043,Partly Cloudy
D0044,Cloudy and Overcast
D0045,Light Precipitation
D0046,Clear and Sunny
D0047,Thunderstorms
D0048,Thunderstorms
D0049,Cloudy and Overcast
D0050,Partly Cloudy
D0051,Clear and Sunny
D0052,Partly Cloudy
D0053,Cloudy and Overcast
D0054,Partly Cloudy
D0055,Cloudy and Overcast
D0056,Partly Cloudy
D0057,Light Precipitation
D0058,Cloudy and Overcast
D0059,Light Precipitation
D0060,Light Precipitation
D0061,Thunderstorms
D0062,Clear and Sunny
D0063,Partly Cloudy
D0064,Partly Cloudy
D0065,Cloudy and Overcast
D0066,Clear and Sunny
D0067,Partly Cloudy
D0068,Clear and Sunny
D0069,Partly Cloudy
D0070,Rain Showers
D0071,Cloudy and Overcast
D0072,Partly Cloudy
D0073,Clear and Sunny
D0074,Clear and Sunny
D0075,Partly Cloudy
D0076,Clear and Sunny
D0077,Partly Cloudy
D0078,Cloudy and Overcast
D0079,Light Precipitation
D0080,Partly Cloudy
D0081,Cloudy and Overcast
D0082,Partly Cloudy
D0083,Partly Cloudy
D0084,Partly Cloudy
D0085,Partly Cloudy
D0086,Partly Cloudy
D0087,Cloudy and Overcast
D0088,Partly Cloudy
D0089,Partly Cloudy
D0090,Cloudy and Overcast
D0091,Light Rain with Thunder
D0092,Partly Cloudy
D0093,Partly Cloudy
D0094,Partly Cloudy
D0095,Partly Cloudy
D0096,Partly Cloudy
D0097,Partly Cloudy
D0098,Partly Cloudy
D0099,Partly Cloudy
D0100,Partly Cloudy
D0101,Partly Cloudy
D0102,Cloudy and Overcast
D0103,Cloudy and Overcast
D0104,Light Precipitation
D0105,Clear and Sunny
D0106,Clear and Sunny
D0107,Clear and Sunny
D0108,Clear and Sunny
D0109,Clear and Sunny
D0110,Clear and Sunny
D0111,Cloudy and Overcast
D0112,Clear and Sunny
D0113,Clear and Sunny
D0114,Clear and Sunny
D0115,Partly Cloudy
D0116,Clear and Sunny
D0117,Clear and Sunny
D0118,Clear and Sunny
D0119,Clear and Sunny
D0120,Clear and Sunny
D0121,Clear and Sunny
D0122,Clear and Sunny
D0123,Clear and Sunny
D0124,Clear and Sunny
D0125,Clear and Sunny
D0126,Clear and Sunny
D0127,Partly Cloudy
D0128,Light Precipitation
D0129,Light Precipitation
D0130,Clear and Sunny
D0131,Clear and Sunny
D0132,Clear and Sunny
D0133,Clear and Sunny
D0134,Clear and Sunny
D0135,Clear and Sunny
D0136,Clear and Sunny
D0137,Clear and Sunny
D0138,Clear and Sunny
D0139,Clear and Sunny
D0140,Clear and Sunny
D0141,Clear and Sunny
D0142,Clear and Sunny
D0143,Partly Cloudy
D0144,Clear and Sunny
D0145,Clear and Sunny
D0146,Light Precipitation
D0147,Clear and Sunny
D0148,Clear and Sunny
D0149,Clear and Sunny
D0150,Clear and Sunny
D0151,Clear and Sunny
D0152,Clear and Sunny
D0153,Clear and Sunny
D0154,Clear and Sunny
D0155,Clear and Sunny
D0156,Clear and Sunny
D0157,Clear and Sunny
D0158,Partly Cloudy
D0159,Partly Cloudy
D0160,Clear and Sunny
D0161,Clear and Sunny
D0162,Clear and Sunny
D0163,Light Precipitation
D0164,Clear and Sunny
D0165,Clear and Sunny
D0166,Clear and Sunny
D0167,Partly Cloudy
D0168,Clear and Sunny
D0169,Clear and Sunny
D0170,Clear and Sunny
D0171,Partly Cloudy
D0172,Clear and Sunny
D0173,Clear and Sunny
D0174,Clear and Sunny
D0175,Clear and Sunny
D0176,Clear and Sunny
D0177,Clear and Sunny
D0178,Clear and Sunny
D0179,Clear and Sunny
D0180,Clear and Sunny
D0181,Clear and Sunny
D0182,Clear and Sunny
D0183,Cloudy and Overcast
D0184,Clear and Sunny
D0185,Clear and Sunny
D0186,Clear and Sunny
D0187,Clear and Sunny
D0188,Clear and Sunny
D0189,Clear and Sunny
D0190,Clear and Sunny
D0191,Clear and Sunny
D0192,Clear and Sunny
D0193,Clear and Sunny
D0194,Clear and Sunny
D0195,Clear and Sunny
D0196,Clear and Sunny
D0197,Clear and Sunny
D0198,Clear and Sunny
D0199,Clear and Sunny
D0200,Clear and Sunny
D0201,Clear and Sunny
D0202,Clear and Sunny
D0203,Clear and Sunny
D0204,Clear and Sunny
D0205,Clear and Sunny
D0206,Clear and Sunny
D0207,Clear and Sunny
D0208,Clear and Sunny
D0209,Mist or Fog
D0210,Clear and Sunny
D0211,Mist or Fog
D0212,Clear and Sunny
D0213,Clear and Sunny
D0214,Clear and Sunny
D0215,Mist or Fog
D0216,Mist or Fog
D0217,Mist or Fog
D0218,Mist or Fog
D0219,Mist or Fog
D0220,Mist or Fog
D0221,Clear and Sunny
D0222,Clear and Sunny
D0223,Mist or Fog
D0224,Mist or Fog
D0225,Mist or Fog
D0226,Mist or Fog
D0227,Mist or Fog
D0228,Clear and Sunny
D0229,Clear and Sunny
D0230,Clear and Sunny
D0231,Clear and Sunny
D0232,Clear and Sunny
D0233,Clear and Sunny
D0234,Mist or Fog
D0235,Cloudy and Overcast
D0236,Mist or Fog
D0237,Clear and Sunny
D0238,Light Precipitation
D0239,Mist or Fog
D0240,Light Precipitation
D0241,Rain Showers
D0242,Partly Cloudy
D0243,Light Precipitation
D0244,Cloudy and Overcast
D0245,Rain Showers
D0246,Partly Cloudy
D0247,Partly Cloudy
D0248,Light Precipitation
D0249,Cloudy and Overcast
D0250,Light Precipitation
D0251,Rain Showers
D0252,Rain Showers
D0253,Light Rain with Thunder
D0254,Light Precipitation
D0255,Light Precipitation
D0256,Moderate to Heavy Rain
D0257,Rain Showers
D0258,Light Precipitation
D0259,Rain Showers
D0260,Light Precipitation
D0261,Clear and Sunny
D0262,Clear and Sunny
D0263,Moderate to Heavy Rain
D0264,Mist or Fog
D0265,Mist or Fog
D0266,Mist or Fog
D0267,Clear and Sunny
D0268,Mist or Fog
D0269,Clear and Sunny
D0270,Clear and Sunny
D0271,Mist or Fog
D0272,Clear and Sunny
D0273,Clear and Sunny
D0274,Mist or Fog
D0275,Mist or Fog
D0276,Clear and Sunny
D0277,Mist or Fog
D0278,Cloudy and Overcast
D0279,Mist or Fog
D0280,Clear and Sunny
D0281,Mist or Fog
D0282,Clear and Sunny
D0283,Clear and Sunny
D0284,Mist or Fog
D0285,Clear and Sunny
D0286,Clear and Sunny
D0287,Clear and Sunny
D0288,Partly Cloudy
D0289,Clear and Sunny
D0290,Light Precipitation
D0291,Clear and Sunny
D0292,Mist or Fog
D0293,Clear and Sunny
D0294,Clear and Sunny
D0295,Clear and Sunny
D0296,Clear and Sunny
D0297,Clear and Sunny
D0298,Clear and Sunny
D0299,Clear and Sunny
D0300,Clear and Sunny
D0301,Clear and Sunny
D0302,Light Precipitation
D0303,Partly Cloudy
D0304,Clear and Sunny
D0305,Clear and Sunny
D0306,Light Rain with Thunder
D0307,Clear and Sunny
D0308,Clear and Sunny
D0309,Cloudy and Overcast
D0310,Clear and Sunny
D0311,Partly Cloudy
D0312,Clear and Sunny
D0313,Partly Cloudy
D0314,Clear and Sunny
D0315,Mist or Fog
D0316,Light Precipitation
D0317,Clear and Sunny
D0318,Clear and Sunny
D0319,Partly Cloudy
D0320,Partly Cloudy
D0321,Light Precipitation
D0322,Clear and Sunny
D0323,Clear and Sunny
D0324,Clear and Sunny
D0325,Clear and Sunny
D0326,Clear and Sunny
D0327,Clear and Sunny
D0328,Clear and Sunny
D0329,Partly Cloudy
D0330,Partly Cloudy
D0331,Light Precipitation
D0332,Partly Cloudy
D0333,Clear and Sunny
D0334,Clear and Sunny
D0335,Partly Cloudy
D0336,Clear and Sunny
D0337,Clear and Sunny
D0338,Clear and Sunny
D0339,Clear and Sunny
D0340,Partly Cloudy
D0341,Clear and Sunny
D0342,Partly Cloudy
D0343,Partly Cloudy
D0344,Partly Cloudy
D0345,Thunderstorms
D0346,Light Precipitation
D0347,Cloudy and Overcast
D0348,Cloudy and Overcast
D0349,Clear and Sunny
D0350,Clear and Sunny
D0351,Clear and Sunny
D0352,Clear and Sunny
D0353,Clear and Sunny
D0354,Clear and Sunny
D0355,Clear and Sunny
D0356,Clear and Sunny
D0357,Partly Cloudy
D0358,Clear and Sunny
D0359,Clear and Sunny
D0360,Clear and Sunny
D0361,Thunderstorms
D0362,Clear and Sunny
D0363,Clear and Sunny
D0364,Clear and Sunny
D0365,Partly Cloudy
D0366,Clear and Sunny
D0367,Light Precipitation
D0368,Clear and Sunny
D0369,Clear and Sunny
D0370,Mist or Fog
D0371,Partly Cloudy
D0372,Light Precipitation
D0373,Partly Cloudy
D0374,Clear and Sunny
D0375,Light Precipitation
D0376,Partly Cloudy
D0377,Light Precipitation
D0378,Clear and Sunny
D0379,Clear and Sunny
D0380,Partly Cloudy
D0381,Light Rain with Thunder
D0382,Mist or Fog
D0383,Clear and Sunny
D0384,Clear and Sunny
D0385,Mist or Fog
D0386,Partly Cloudy
D0387,Clear and Sunny
D0388,Mist or Fog
D0389,Partly Cloudy
D0390,Mist or Fog
D0391,Partly Cloudy
D0392,Clear and Sunny
D0393,Clear and Sunny
D0394,Clear and Sunny
D0395,Clear and Sunny
D0396,Clear and Sunny
D0397,Clear and Sunny
D0398,Clear and Sunny
D0399,Light Precipitation
D0400,Light Precipitation
D0401,Light Precipitation
D0402,Light Precipitation
D0403,Partly Cloudy
D0404,Light Precipitation
D0405,Partly Cloudy
D0406,Clear and Sunny
D0407,Clear and Sunny
D0408,Clear and Sunny
D0409,Clear and Sunny
D0410,Clear and Sunny
D0411,Clear and Sunny
D0412,Clear and Sunny
D0413,Light Precipitation
D0414,Light Precipitation
D0415,Clear and Sunny
D0416,Clear and Sunny
D0417,Mist or Fog
D0418,Light Precipitation
D0419,Rain Showers
D0420,Light Precipitation
D0421,Thunderstorms
D0422,Partly Cloudy
D0423,Clear and Sunny
D0424,Partly Cloudy
D0425,Partly Cloudy
D0426,Thunderstorms
D0427,Partly Cloudy
D0428,Partly Cloudy
D0429,Light Rain with Thunder
D0430,Partly Cloudy
D0431,Light Rain with Thunder
D0432,Cloudy and Overcast
D0433,Partly Cloudy
D0434,Partly Cloudy
D0435,Partly Cloudy
D0436,Rain Showers
D0437,Partly Cloudy
D0438,Partly Cloudy
D0439,Light Rain with Thunder
D0440,Light Precipitation
D0441,Thunderstorms
D0442,Light Rain with Thunder
D0443,Light Precipitation
D0444,Partly Cloudy
D0445,Cloudy and Overcast
D0446,Cloudy and Overcast
D0447,Light Precipitation
D0448,Cloudy and Overcast
D0449,Light Precipitation
D0450,Light Precipitation
D0451,Cloudy and Overcast
D0452,Cloudy and Overcast
D0453,Light Precipitation
D0454,Light Precipitation
D0455,Cloudy and Overcast
D0456,Rain Showers
D0457,Thunderstorms
D0458,Light Rain with Thunder
D0459,Cloudy and Overcast
D0460,Cloudy and Overcast
D0461,Cloudy and Overcast
D0462,Light Precipitation
D0463,Partly Cloudy
D0464,Partly Cloudy
D0465,Partly Cloudy
D0466,Mist or Fog
D0467,Partly Cloudy
D0468,Mist or Fog
D0469,Partly Cloudy
D0470,Partly Cloudy
D0471,Partly Cloudy
D0472,Partly Cloudy
D0473,Partly Cloudy
D0474,Partly Cloudy
D0475,Partly Cloudy
D0476,Partly Cloudy
D0477,Partly Cloudy
D0478,Partly Cloudy
D0479,Partly Cloudy
D0480,Partly Cloudy
D0481,Partly Cloudy
D0482,Partly Cloudy
D0483,Partly Cloudy
D0484,Light Precipitation
D0485,Partly Cloudy
D0486,Partly Cloudy
D0487,Partly Cloudy
D0488,Partly Cloudy
D0489,Partly Cloudy
D0490,Partly Cloudy
D0491,Partly Cloudy
D0492,Partly Cloudy
D0493,Partly Cloudy
D0494,Partly Cloudy
D0495,Partly Cloudy
D0496,Light Rain with Thunder
D0497,Clear and Sunny
D0498,Mist or Fog
D0499,Light Rain with Thunder
D0500,Thunderstorms
D0501,Light Rain with Thunder
D0502,Light Rain with Thunder
D0503,Partly Cloudy
D0504,Partly Cloudy
D0505,Light Precipitation
D0506,Light Rain with Thunder
D0507,Partly Cloudy
D0508,Partly Cloudy
D0509,Partly Cloudy
D0510,Light Rain with Thunder
D0511,Light Rain with Thunder
D0512,Clear and Sunny
D0513,Light Rain with Thunder
D0514,Clear and Sunny
D0515,Light Rain with Thunder
D0516,Partly Cloudy
D0517,Light Rain with Thunder
D0518,Light Rain with Thunder
D0519,Partly Cloudy
D0520,Thunderstorms
D0521,Clear and Sunny
D0522,Clear and Sunny
D0523,Clear and Sunny
D0524,Partly Cloudy
D0525,Cloudy and Overcast
D0526,Partly Cloudy
D0527,Partly Cloudy
D0528,Partly Cloudy
D0529,Mist or Fog
D0530,Moderate to Heavy Rain
D0531,Partly Cloudy
D0532,Partly Cloudy
D0533,Partly Cloudy
D0534,Cloudy and Overcast
D0535,Clear and Sunny
D0536,Clear and Sunny
D0537,Partly Cloudy
D0538,Clear and Sunny
D0539,Clear and Sunny
D0540,Clear and Sunny
D0541,Partly Cloudy
D0542,Cloudy and Overcast
D0543,Clear and Sunny
D0544,Partly Cloudy
D0545,Clear and Sunny
D0546,Light Precipitation
D0547,Clear and Sunny
D0548,Clear and Sunny
D0549,Clear and Sunny
D0550,Mist or Fog
D0551,Mist or Fog
D0552,Mist or Fog
D0553,Mist or Fog
D0554,Mist or Fog
D0555,Mist or Fog
D0556,Mist or Fog
D0557,Mist or Fog
D0558,Light Precipitation
D0559,Mist or Fog
D0560,Mist or Fog
D0561,Clear and Sunny
D0562,Mist or Fog
D0563,Clear and Sunny
D0564,Mist or Fog
D0565,Mist or Fog
D0566,Mist or Fog
D0567,Mist or Fog
D0568,Clear and Sunny
D0569,Clear and Sunny
D0570,Clear and Sunny
D0571,Clear and Sunny
D0572,Clear and Sunny
D0573,Rain Showers
D0574,Light Precipitation
D0575,Clear and Sunny
D0576,Partly Cloudy
D0577,Clear and Sunny
D0578,Clear and Sunny
D0579,Clear and Sunny
D0580,Clear and Sunny
D0581,Partly Cloudy
D0582,Clear and Sunny
D0583,Partly Cloudy
D0584,Partly Cloudy
D0585,Partly Cloudy
D0586,Clear and Sunny
D0587,Clear and Sunny
D0588,Clear and Sunny
D0589,Light Rain with Thunder
D0590,Clear and Sunny
D0591,Partly Cloudy
D0592,Clear and Sunny
D0593,Clear and Sunny
D0594,Clear and Sunny
D0595,Partly Cloudy
D0596,Clear and Sunny
D0597,Clear and Sunny
D0598,Clear and Sunny
D0599,Clear and Sunny
D0600,Light Precipitation
D0601,Light Precipitation
D0602,Clear and Sunny
D0603,Clear and Sunny
D0604,Clear and Sunny
D0605,Clear and Sunny
D0606,Clear and Sunny
D0607,Clear and Sunny
D0608,Clear and Sunny
D0609,Clear and Sunny
D0610,Clear and Sunny
D0611,Clear and Sunny
D0612,Clear and Sunny
D0613,Mist or Fog
D0614,Clear and Sunny
D0615,Partly Cloudy
D0616,Clear and Sunny
D0617,Clear and Sunny
D0618,Clear and Sunny
D0619,Partly Cloudy
D0620,Clear and Sunny
D0621,Clear and Sunny
D0622,Clear and Sunny
D0623,Clear and Sunny
D0624,Clear and Sunny
D0625,Cloudy and Overcast
D0626,Cloudy and Overcast
D0627,Clear and Sunny
D0628,Clear and Sunny
D0629,Clear and Sunny
D0630,Partly Cloudy
D0631,Clear and Sunny
D0632,Clear and Sunny
D0633,Clear and Sunny
D0634,Clear and Sunny
D0635,Clear and Sunny
D0636,Clear and Sunny
D0637,Clear and Sunny
D0638,Clear and Sunny
D0639,Clear and Sunny
D0640,Clear and Sunny
D0641,Partly Cloudy
D0642,Clear and Sunny
D0643,Clear and Sunny
D0644,Clear and Sunny
D0645,Clear and Sunny
D0646,Clear and Sunny
D0647,Clear and Sunny
D0648,Clear and Sunny
D0649,Clear and Sunny
D0650,Cloudy and Overcast
D0651,Mist or Fog
D0652,Thunderstorms
D0653,Clear and Sunny
D0654,Clear and Sunny
D0655,Clear and Sunny
D0656,Clear and Sunny
D0657,Light Rain with Thunder
D0658,Clear and Sunny
D0659,Clear and Sunny
D0660,Light Precipitation
D0661,Clear and Sunny
D0662,Clear and Sunny
D0663,Clear and Sunny
D0664,Light Rain with Thunder
D0665,Clear and Sunny
D0666,Clear and Sunny
D0667,Mist or Fog
D0668,Mist or Fog
D0669,Clear and Sunny
D0670,Clear and Sunny
D0671,Mist or Fog
D0672,Mist or Fog
D0673,Mist or Fog
D0674,Clear and Sunny
D0675,Clear and Sunny
D0676,Mist or Fog
D0677,Rain Showers
D0678,Rain Showers
D0679,Partly Cloudy
D0680,Cloudy and Overcast
D0681,Partly Cloudy
D0682,Partly Cloudy
D0683,Cloudy and Overcast
D0684,Cloudy and Overcast
D0685,Partly Cloudy
D0686,Cloudy and Overcast
D0687,Cloudy and Overcast
D0688,Partly Cloudy
D0689,Partly Cloudy
D0690,Thunderstorms
D0691,Partly Cloudy
D0692,Partly Cloudy
D0693,Thunderstorms
D0694,Partly Cloudy
D0695,Light Precipitation
D0696,Partly Cloudy
D0697,Partly Cloudy
D0698,Partly Cloudy
D0699,Partly Cloudy
D0700,Cloudy and Overcast
D0701,Partly Cloudy
D0702,Partly Cloudy
D0703,Partly Cloudy
D0704,Thunderstorms
D0705,Partly Cloudy
D0706,Thunderstorms
D0707,Light Rain with Thunder
D0708,Thunderstorms
D0709,Cloudy and Overcast
D0710,Thunderstorms
D0711,Partly Cloudy
D0712,Partly Cloudy
D0713,Light Rain with Thunder
D0714,Partly Cloudy
D0715,Cloudy and Overcast
D0716,Cloudy and Overcast
D0717,Thunderstorms
D0718,Light Precipitation
D0719,Partly Cloudy
D0720,Partly Cloudy
D0721,Cloudy and Overcast
D0722,Light Precipitation
D0723,Partly Cloudy
D0724,Partly Cloudy
D0725,Light Precipitation
D0726,Cloudy and Overcast
D0727,Light Precipitation
D0728,Partly Cloudy
D0729,Thunderstorms
D0730,Partly Cloudy
D0731,Partly Cloudy
D0732,Partly Cloudy
D0733,Light Precipitation
D0734,Partly Cloudy
D0735,Thunderstorms
D0736,Partly Cloudy
D0737,Partly Cloudy
D0738,Partly Cloudy
D0739,Partly Cloudy
D0740,Partly Cloudy
D0741,Light Rain with Thunder
D0742,Partly Cloudy
D0743,Partly Cloudy
D0744,Partly Cloudy
D0745,Partly Cloudy
D0746,Light Rain with Thunder
D0747,Partly Cloudy
D0748,Partly Cloudy
D0749,Partly Cloudy
D0750,Partly Cloudy
D0751,Partly Cloudy
D0752,Partly Cloudy
D0753,Light Rain with Thunder
D0754,Light Rain with Thunder
D0755,Rain Showers
D0756,Rain Showers
D0757,Rain Showers
D0758,Thunderstorms
D0759,Moderate to Heavy Rain
D0760,Moderate to Heavy Rain
D0761,Rain Showers
D0762,Partly Cloudy
D0763,Thunderstorms
D0764,Light Rain with Thunder
D0765,Light Precipitation
D0766,Thunderstorms
D0767,Partly Cloudy
D0768,Partly Cloudy
D0769,Thunderstorms
D0770,Cloudy and Overcast
D0771,Cloudy and Overcast
D0772,Partly Cloudy
D0773,Partly Cloudy
D0774,Partly Cloudy
D0775,Cloudy and Overcast
D0776,Partly Cloudy
D0777,Thunderstorms
D0778,Thunderstorms
D0779,Light Rain with Thunder
D0780,Partly Cloudy
D0781,Partly Cloudy
D0782,Clear and Sunny
D0783,Cloudy and Overcast
D0784,Mist or Fog
D0785,Clear and Sunny
D0786,Partly Cloudy
D0787,Mist or Fog
D0788,Cloudy and Overcast
D0789,Partly Cloudy
D0790,Clear and Sunny
D0791,Partly Cloudy
D0792,Mist or Fog
D0793,Clear and Sunny
D0794,Mist or Fog
D0795,Partly Cloudy
D0796,Clear and Sunny
D0797,Clear and Sunny
D0798,Clear and Sunny
D0799,Clear and Sunny
D0800,Clear and Sunny
D0801,Clear and Sunny
D0802,Clear and Sunny
D0803,Moderate to Heavy Rain
D0804,Cloudy and Overcast
D0805,Clear and Sunny
D0806,Clear and Sunny
D0807,Partly Cloudy
D0808,Mist or Fog
D0809,Moderate to Heavy Rain
D0810,Partly Cloudy
D0811,Clear and Sunny
D0812,Clear and Sunny
D0813,Partly Cloudy
D0814,Partly Cloudy
D0815,Partly Cloudy
D0816,Clear and Sunny
D0817,Partly Cloudy
D0818,Thunderstorms
D0819,Clear and Sunny
D0820,Moderate to Heavy Rain
D0821,Mist or Fog
D0822,Partly Cloudy
D0823,Partly Cloudy
D0824,Thunderstorms
D0825,Partly Cloudy
D0826,Partly Cloudy
D0827,Partly Cloudy
D0828,Thunderstorms
D0829,Partly Cloudy
D0830,Partly Cloudy
D0831,Partly Cloudy
D0832,Partly Cloudy
D0833,Partly Cloudy
D0834,Light Precipitation
D0835,Light Precipitation
D0836,Cloudy and Overcast
D0837,Mist or Fog
D0838,Clear and Sunny
D0839,Mist or Fog
D0840,Cloudy and Overcast
D0841,Clear and Sunny
D0842,Mist or Fog
D0843,Partly Cloudy
D0844,Mist or Fog
D0845,Partly Cloudy
D0846,Mist or Fog
D0847,Mist or Fog
D0848,Rain Showers
D0849,Clear and Sunny
D0850,Clear and Sunny
D0851,Partly Cloudy
D0852,Partly Cloudy
D0853,Mist or Fog
D0854,Mist or Fog
D0855,Clear and Sunny
D0856,Partly Cloudy
D0857,Clear and Sunny
D0858,Clear and Sunny
D0859,Partly Cloudy
D0860,Cloudy and Overcast
D0861,Cloudy and Overcast
D0862,Partly Cloudy
D0863,Light Precipitation
D0864,Clear and Sunny
D0865,Clear and Sunny
D0866,Clear and Sunny
D0867,Clear and Sunny
D0868,Clear and Sunny
D0869,Clear and Sunny
D0870,Clear and Sunny
D0871,Clear and Sunny
D0872,Clear and Sunny
D0873,Clear and Sunny
D0874,Mist or Fog
D0875,Partly Cloudy
D0876,Clear and Sunny
D0877,Clear and Sunny
D0878,Clear and Sunny
D0879,Light Precipitation
D0880,Clear and Sunny
D0881,Partly Cloudy
D0882,Clear and Sunny
D0883,Cloudy and Overcast
D0884,Partly Cloudy
D0885,Light Rain with Thunder
D0886,Partly Cloudy
D0887,Rain Showers
D0888,Partly Cloudy
D0889,Cloudy and Overcast
D0890,Rain Showers
D0891,Partly Cloudy
D0892,Thunderstorms
D0893,Partly Cloudy
D0894,Partly Cloudy
D0895,Rain Showers
D0896,Cloudy and Overcast
D0897,Partly Cloudy
D0898,Cloudy and Overcast
D0899,Rain Showers
D0900,Cloudy and Overcast
D0901,Partly Cloudy
D0902,Cloudy and Overcast
D0903,Partly Cloudy
D0904,Cloudy and Overcast
D0905,Rain Showers
D0906,Partly Cloudy
D0907,Partly Cloudy
D0908,Partly Cloudy
D0909,Rain Showers
D0910,Rain Showers
D0911,Clear and Sunny
D0912,Clear and Sunny
D0913,Clear and Sunny
D0914,Partly Cloudy
D0915,Partly Cloudy
D0916,Thunderstorms
D0917,Partly Cloudy
D0918,Partly Cloudy
D0919,Clear and Sunny
D0920,Clear and Sunny
D0921,Light Rain with Thunder
D0922,Cloudy and Overcast
D0923,Clear and Sunny
D0924,Clear and Sunny
D0925,Light Precipitation
D0926,Clear and Sunny
D0927,Clear and Sunny
D0928,Clear and Sunny
D0929,Partly Cloudy
D0930,Clear and Sunny
D0931,Clear and Sunny
D0932,Light Precipitation
D0933,Partly Cloudy
D0934,Thunderstorms
D0935,Cloudy and Overcast
D0936,Thunderstorms
D0937,Light Precipitation
D0938,Clear and Sunny
D0939,Clear and Sunny
D0940,Clear and Sunny
D0941,Mist or Fog
D0942,Clear and Sunny
D0943,Clear and Sunny
D0944,Clear and Sunny
D0945,Clear and Sunny
D0946,Clear and Sunny
D0947,Clear and Sunny
D0948,Clear and Sunny
D0949,Clear and Sunny
D0950,Clear and Sunny
D0951,Clear and Sunny
D0952,Clear and Sunny
D0953,Clear and Sunny
D0954,Clear and Sunny
D0955,Clear and Sunny
D0956,Clear and Sunny
D0957,Clear and Sunny
D0958,Clear and Sunny
D0959,Clear and Sunny
D0960,Clear and Sunny
D0961,Clear and Sunny
D0962,Clear and Sunny
D0963,Cloudy and Overcast
D0964,Rain Showers
D0965,Cloudy and Overcast
D0966,Cloudy and Overcast
D0967,Rain Showers
D0968,Rain Showers
D0969,Partly Cloudy
D0970,Cloudy and Overcast
D0971,Clear and Sunny
D0972,Rain Showers
D0973,Partly Cloudy
D0974,Rain Showers
D0975,Cloudy and Overcast
D0976,Rain Showers
D0977,Rain Showers
D0978,Light Precipitation
D0979,Partly Cloudy
D0980,Partly Cloudy
D0981,Rain Showers
D0982,Rain Showers
D0983,Cloudy and Overcast
D0984,Rain Showers
D0985,Rain Showers
D0986,Partly Cloudy
D0987,Thunderstorms
D0988,Clear and Sunny
D0989,Clear and Sunny
D0990,Clear and Sunny
D0991,Clear and Sunny
D0992,Clear and Sunny
D0993,Clear and Sunny
D0994,Clear and Sunny
D0995,Clear and Sunny
D0996,Partly Cloudy
D0997,Rain Showers
D0998,Light Precipitation
D0999,Partly Cloudy
D1000,Partly Cloudy
D1001,Clear and Sunny
D1002,Clear and Sunny
D1003,Clear and Sunny
D1004,Clear and Sunny
D1005,Clear and Sunny
D1006,Clear and Sunny
D1007,Clear and Sunny
D1008,Clear and Sunny
D1009,Clear and Sunny
D1010,Clear and Sunny
D1011,Clear and Sunny
D1012,Clear and Sunny
D1013,Partly Cloudy
D1014,Clear and Sunny
D1015,Rain Showers
D1016,Moderate to Heavy Rain
D1017,Light Rain with Thunder
D1018,Rain Showers
D1019,Light Rain with Thunder
D1020,Partly Cloudy
D1021,Rain Showers
D1022,Light Precipitation
D1023,Light Precipitation
D1024,Rain Showers
D1025,Cloudy and Overcast
D1026,Partly Cloudy
D1027,Light Precipitation
D1028,Partly Cloudy
D1029,Light Rain with Thunder
D1030,Rain Showers
D1031,Cloudy and Overcast
D1032,Partly Cloudy
D1033,Thunderstorms
D1034,Thunderstorms
D1035,Partly Cloudy
D1036,Partly Cloudy
D1037,Partly Cloudy
D1038,Rain Showers
D1039,Light Precipitation
D1040,Rain Showers
D1041,Mist or Fog
D1042,Partly Cloudy
D1043,Partly Cloudy
D1044,Light Rain with Thunder
D1045,Partly Cloudy
D1046,Partly Cloudy
D1047,Clear and Sunny
D1048,Partly Cloudy
D1049,Partly Cloudy
D1050,Partly Cloudy
D1051,Partly Cloudy
D1052,Partly Cloudy
D1053,Clear and Sunny
D1054,Clear and Sunny
D1055,Partly Cloudy
D1056,Partly Cloudy
D1057,Partly Cloudy
D1058,Light Rain with Thunder
D1059,Clear and Sunny
D1060,Partly Cloudy
D1061,Partly Cloudy
D1062,Partly Cloudy
D1063,Partly Cloudy
D1064,Light Rain with Thunder
D1065,Light Rain with Thunder
D1066,Partly Cloudy
D1067,Thunderstorms
D1068,Partly Cloudy
D1069,Clear and Sunny
D1070,Partly Cloudy
D1071,Rain Showers
D1072,Partly Cloudy
D1073,Partly Cloudy
D1074,Partly Cloudy
D1075,Partly Cloudy
D1076,Partly Cloudy
D1077,Partly Cloudy
D1078,Partly Cloudy
D1079,Partly Cloudy
D1080,Partly Cloudy
D1081,Partly Cloudy
D1082,Partly Cloudy
D1083,Partly Cloudy
D1084,Partly Cloudy
D1085,Partly Cloudy
D1086,Partly Cloudy
D1087,Partly Cloudy
D1088,Partly Cloudy
D1089,Partly Cloudy
D1090,Partly Cloudy
D1091,Partly Cloudy
D1092,Partly Cloudy
D1093,Rain Showers
D1094,Clear and Sunny
D1095,Clear and Sunny
D1096,Clear and Sunny
D1097,Clear and Sunny
D1098,Clear and Sunny
D1099,Clear and Sunny
D1100,Clear and Sunny
D1101,Clear and Sunny
D1102,Clear and Sunny
D1103,Clear and Sunny
D1104,Clear and Sunny
D1105,Clear and Sunny
D1106,Clear and Sunny
D1107,Clear and Sunny
D1108,Clear and Sunny
D1109,Rain Showers
D1110,Clear and Sunny
D1111,Clear and Sunny
D1112,Clear and Sunny
D1113,Clear and Sunny
D1114,Partly Cloudy
D1115,Clear and Sunny
D1116,Clear and Sunny
D1117,Clear and Sunny
D1118,Cloudy and Overcast
D1119,Mist or Fog
D1120,Mist or Fog
D1121,Mist or Fog
D1122,Mist or Fog
D1123,Clear and Sunny
D1124,Mist or Fog
D1125,Mist or Fog
D1126,Mist or Fog
D1127,Mist or Fog
D1128,Mist or Fog
D1129,Mist or Fog
D1130,Mist or Fog
D1131,Thunderstorms
D1132,Mist or Fog
D1133,Mist or Fog
D1134,Mist or Fog
D1135,Mist or Fog
D1136,Mist or Fog
D1137,Mist or Fog
D1138,Mist or Fog
D1139,Mist or Fog
D1140,Mist or Fog
D1141,Clear and Sunny
D1142,Mist or Fog
D1143,Mist or Fog
D1144,Mist or Fog
D1145,Mist or Fog
D1146,Mist or Fog
D1147,Mist or Fog
D1148,Mist or Fog
D1149,Mist or Fog
D1150,Mist or Fog
D1151,Mist or Fog
D1152,Mist or Fog
D1153,Mist or Fog
D1154,Mist or Fog
D1155,Mist or Fog
D1156,Mist or Fog
D1157,Mist or Fog
D1158,Mist or Fog
D1159,Mist or Fog
D1160,Mist or Fog
D1161,Mist or Fog
D1162,Mist or Fog
D1163,Mist or Fog
D1164,Mist or Fog
D1165,Mist or Fog
D1166,Mist or Fog
D1167,Mist or Fog
D1168,Mist or Fog
D1169,Mist or Fog
D1170,Mist or Fog
D1171,Clear and Sunny
D1172,Partly Cloudy
D1173,Partly Cloudy
D1174,Clear and Sunny
D1175,Clear and Sunny
D1176,Partly Cloudy
D1177,Partly Cloudy
D1178,Partly Cloudy
D1179,Clear and Sunny
D1180,Clear and Sunny
D1181,Partly Cloudy
D1182,Clear and Sunny
D1183,Clear and Sunny
D1184,Clear and Sunny
D1185,Clear and Sunny
D1186,Clear and Sunny
D1187,Partly Cloudy
D1188,Clear and Sunny
D1189,Clear and Sunny
D1190,Clear and Sunny
D1191,Clear and Sunny
D1192,Clear and Sunny
D1193,Clear and Sunny
D1194,Clear and Sunny
D1195,Clear and Sunny
D1196,Clear and Sunny
D1197,Moderate to Heavy Rain
D1198,Moderate to Heavy Rain
D1199,Partly Cloudy
D1200,Light Precipitation
D1201,Light Precipitation
D1202,Partly Cloudy
D1203,Partly Cloudy
D1204,Mist or Fog
D1205,Partly Cloudy
D1206,Partly Cloudy
D1207,Mist or Fog
D1208,Partly Cloudy
D1209,Partly Cloudy
D1210,Rain Showers
D1211,Light Precipitation
D1212,Clear and Sunny
D1213,Partly Cloudy
D1214,Light Precipitation
D1215,Partly Cloudy
D1216,Moderate to Heavy Rain
D1217,Light Precipitation
D1218,Light Precipitation
D1219,Moderate to Heavy Rain
D1220,Partly Cloudy
D1221,Moderate to Heavy Rain
D1222,Clear and Sunny
D1223,Moderate to Heavy Rain
D1224,Light Precipitation
D1225,Partly Cloudy
D1226,Clear and Sunny
D1227,Clear and Sunny
D1228,Clear and Sunny
D1229,Clear and Sunny
D1230,Clear and Sunny
D1231,Clear and Sunny
D1232,Clear and Sunny
D1233,Clear and Sunny
D1234,Clear and Sunny
D1235,Clear and Sunny
D1236,Clear and Sunny
D1237,Clear and Sunny
D1238,Clear and Sunny
D1239,Clear and Sunny
D1240,Clear and Sunny
D1241,Clear and Sunny
D1242,Clear and Sunny
D1243,Clear and Sunny
D1244,Clear and Sunny
D1245,Clear and Sunny
D1246,Clear and Sunny
D1247,Clear and Sunny
D1248,Cloudy and Overcast
D1249,Partly Cloudy
D1250,Partly Cloudy
D1251,Partly Cloudy
D1252,Partly Cloudy
D1253,Partly Cloudy
D1254,Light Precipitation
D1255,Light Precipitation
D1256,Partly Cloudy
D1257,Light Precipitation
D1258,Light Precipitation
D1259,Moderate to Heavy Rain
D1260,Rain Showers
D1261,Partly Cloudy
D1262,Partly Cloudy
D1263,Partly Cloudy
D1264,Partly Cloudy
D1265,Partly Cloudy
D1266,Partly Cloudy
D1267,Partly Cloudy
D1268,Cloudy and Overcast
D1269,Partly Cloudy
D1270,Partly Cloudy
D1271,Partly Cloudy
D1272,Partly Cloudy
D1273,Cloudy and Overcast
D1274,Rain Showers
D1275,Partly Cloudy
D1276,Partly Cloudy
D1277,Partly Cloudy
D1278,Partly Cloudy
D1279,Partly Cloudy
D1280,Partly Cloudy
D1281,Partly Cloudy
D1282,Partly Cloudy
D1283,Partly Cloudy
D1284,Light Precipitation
D1285,Partly Cloudy
D1286,Partly Cloudy
D1287,Partly Cloudy
D1288,Partly Cloudy
D1289,Partly Cloudy
D1290,Partly Cloudy
D1291,Partly Cloudy
D1292,Partly Cloudy
D1293,Partly Cloudy
D1294,Partly Cloudy
D1295,Partly Cloudy
D1296,Partly Cloudy
D1297,Partly Cloudy
D1298,Partly Cloudy
D1299,Partly Cloudy
D1300,Partly Cloudy
D1301,Rain Showers
D1302,Rain Showers
D1303,Light Precipitation
D1304,Light Precipitation
D1305,Rain Showers
D1306,Light Precipitation
D1307,Rain Showers
D1308,Light Precipitation
D1309,Partly Cloudy
D1310,Rain Showers
D1311,Light Precipitation
D1312,Partly Cloudy
D1313,Light Precipitation
D1314,Light Precipitation
D1315,Partly Cloudy
D1316,Partly Cloudy
D1317,Clear and Sunny
D1318,Partly Cloudy
D1319,Light Precipitation
D1320,Light Precipitation
D1321,Light Precipitation
D1322,Light Precipitation
D1323,Partly Cloudy
D1324,Partly Cloudy
D1325,Rain Showers
D1326,Light Precipitation
D1327,Light Precipitation
D1328,Clear and Sunny
D1329,Cloudy and Overcast
D1330,Cloudy and Overcast
D1331,Moderate to Heavy Rain
D1332,Clear and Sunny
D1333,Mist or Fog
D1334,Clear and Sunny
D1335,Clear and Sunny
D1336,Mist or Fog
D1337,Mist or Fog
D1338,Partly Cloudy
D1339,Mist or Fog
D1340,Clear and Sunny
D1341,Clear and Sunny
D1342,Mist or Fog
D1343,Clear and Sunny
D1344,Mist or Fog
D1345,Mist or Fog
D1346,Clear and Sunny
D1347,Clear and Sunny
D1348,Clear and Sunny
D1349,Clear and Sunny
D1350,Cloudy and Overcast
D1351,Clear and Sunny
D1352,Clear and Sunny
D1353,Light Precipitation
D1354,Cloudy and Overcast
D1355,Partly Cloudy
D1356,Cloudy and Overcast
D1357,Clear and Sunny
D1358,Clear and Sunny
D1359,Clear and Sunny
D1360,Clear and Sunny
D1361,Clear and Sunny
D1362,Clear and Sunny
D1363,Clear and Sunny
D1364,Clear and Sunny
D1365,Clear and Sunny
D1366,Clear and Sunny
D1367,Clear and Sunny
D1368,Cloudy and Overcast
D1369,Partly Cloudy
D1370,Clear and Sunny
D1371,Clear and Sunny
D1372,Clear and Sunny
D1373,Clear and Sunny
D1374,Light Precipitation
D1375,Partly Cloudy
D1376,Clear and Sunny
D1377,Moderate to Heavy Rain
D1378,Light Precipitation
D1379,Rain Showers
D1380,Clear and Sunny
D1381,Cloudy and Overcast
D1382,Clear and Sunny
D1383,Clear and Sunny
D1384,Mist or Fog
D1385,Mist or Fog
D1386,Mist or Fog
D1387,Partly Cloudy
D1388,Clear and Sunny
D1389,Clear and Sunny
D1390,Clear and Sunny
D1391,Clear and Sunny
D1392,Clear and Sunny
D1393,Clear and Sunny
D1394,Clear and Sunny
D1395,Partly Cloudy
D1396,Clear and Sunny
D1397,Clear and Sunny
D1398,Clear and Sunny
D1399,Clear and Sunny
D1400,Clear and Sunny
D1401,Cloudy and Overcast
D1402,Clear and Sunny
D1403,Clear and Sunny
D1404,Cloudy and Overcast
D1405,Clear and Sunny
D1406,Partly Cloudy
D1407,Clear and Sunny
D1408,Light Precipitation
D1409,Mist or Fog
D1410,Clear and Sunny
D1411,Clear and Sunny
D1412,Clear and Sunny
D1413,Clear and Sunny
D1414,Clear and Sunny
D1415,Clear and Sunny
D1416,Clear and Sunny
D1417,Clear and Sunny
D1418,Clear and Sunny
D1419,Clear and Sunny
D1420,Rain Showers
D1421,Partly Cloudy
D1422,Clear and Sunny
D1423,Clear and Sunny
D1424,Partly Cloudy
D1425,Clear and Sunny
D1426,Cloudy and Overcast
D1427,Cloudy and Overcast
D1428,Clear and Sunny
D1429,Moderate to Heavy Rain
D1430,Partly Cloudy
D1431,Partly Cloudy
D1432,Partly Cloudy
D1433,Partly Cloudy
D1434,Partly Cloudy
D1435,Partly Cloudy
D1436,Partly Cloudy
D1437,Partly Cloudy
D1438,Partly Cloudy
D1439,Mist or Fog
D1440,Partly Cloudy
D1441,Partly Cloudy
D1442,Light Precipitation
D1443,Partly Cloudy
D1444,Partly Cloudy
D1445,Partly Cloudy
D1446,Partly Cloudy
D1447,Partly Cloudy
D1448,Clear and Sunny
D1449,Light Precipitation
D1450,Partly Cloudy
D1451,Partly Cloudy
D1452,Partly Cloudy
D1453,Partly Cloudy
D1454,Partly Cloudy
D1455,Partly Cloudy
D1456,Partly Cloudy
D1457,Rain Showers
D1458,Thunderstorms
D1459,Thunderstorms
D1460,Thunderstorms
D1461,Partly Cloudy
D1462,Clear and Sunny
D1463,Thunderstorms
D1464,Partly Cloudy
D1465,Thunderstorms
D1466,Thunderstorms
D1467,Partly Cloudy
D1468,Partly Cloudy
D1469,Thunderstorms
D1470,Thunderstorms
D1471,Thunderstorms
D1472,Clear and Sunny
D1473,Partly Cloudy
D1474,Clear and Sunny
D1475,Thunderstorms
D1476,Thunderstorms
D1477,Thunderstorms
D1478,Light Rain with Thunder
D1479,Partly Cloudy
D1480,Partly Cloudy
D1481,Partly Cloudy
D1482,Partly Cloudy
D1483,Clear and Sunny
D1484,Clear and Sunny
D1485,Partly Cloudy
D1486,Clear and Sunny
D1487,Partly Cloudy
D1488,Clear and Sunny
D1489,Clear and Sunny
D1490,Clear and Sunny
D1491,Moderate to Heavy Rain
D1492,Moderate to Heavy Rain
D1493,Partly Cloudy
D1494,Clear and Sunny
D1495,Clear and Sunny
D1496,Partly Cloudy
D1497,Clear and Sunny
D1498,Clear and Sunny
D1499,Partly Cloudy
D1500,Clear and Sunny
D1501,Clear and Sunny
D1502,Clear and Sunny
D1503,Clear and Sunny
D1504,Clear and Sunny
D1505,Clear and Sunny
D1506,Clear and Sunny
D1507,Clear and Sunny
D1508,Clear and Sunny
D1509,Cloudy and Overcast
D1510,Cloudy and Overcast
D1511,Partly Cloudy
D1512,Light Precipitation
D1513,Cloudy and Overcast
D1514,Rain Showers
D1515,Partly Cloudy
D1516,Partly Cloudy
D1517,Cloudy and Overcast
D1518,Partly Cloudy
D1519,Cloudy and Overcast
D1520,Partly Cloudy
D1521,Partly Cloudy
D1522,Cloudy and Overcast
D1523,Cloudy and Overcast
D1524,Cloudy and Overcast
D1525,Cloudy and Overcast
D1526,Cloudy and Overcast
D1527,Partly Cloudy
D1528,Cloudy and Overcast
D1529,Cloudy and Overcast
D1530,Cloudy and Overcast
D1531,Cloudy and Overcast
D1532,Light Precipitation
D1533,Cloudy and Overcast
D1534,Cloudy and Overcast
D1535,Partly Cloudy
D1536,Partly Cloudy
D1537,Partly Cloudy
D1538,Partly Cloudy
D1539,Partly Cloudy
D1540,Cloudy and Overcast
D1541,Partly Cloudy
D1542,Partly Cloudy
D1543,Partly Cloudy
D1544,Partly Cloudy
D1545,Clear and Sunny
D1546,Partly Cloudy
D1547,Partly Cloudy
D1548,Cloudy and Overcast
D1549,Cloudy and Overcast
D1550,Partly Cloudy
D1551,Partly Cloudy
D1552,Partly Cloudy
D1553,Cloudy and Overcast
D1554,Partly Cloudy
D1555,Partly Cloudy
D1556,Partly Cloudy
D1557,Cloudy and Overcast
D1558,Partly Cloudy
D1559,Cloudy and Overcast
D1560,Partly Cloudy
D1561,Light Precipitation
D1562,Rain Showers
D1563,Clear and Sunny
D1564,Clear and Sunny
D1565,Partly Cloudy
D1566,Clear and Sunny
D1567,Clear and Sunny
D1568,Clear and Sunny
D1569,Clear and Sunny
D1570,Clear and Sunny
D1571,Clear and Sunny
D1572,Clear and Sunny
D1573,Clear and Sunny
D1574,Clear and Sunny
D1575,Clear and Sunny
D1576,Partly Cloudy
D1577,Partly Cloudy
D1578,Partly Cloudy
D1579,Clear and Sunny
D1580,Thunderstorms
D1581,Partly Cloudy
D1582,Partly Cloudy
D1583,Partly Cloudy
D1584,Rain Showers
D1585,Rain Showers
D1586,Clear and Sunny
D1587,Partly Cloudy
D1588,Clear and Sunny
D1589,Partly Cloudy
D1590,Partly Cloudy
D1591,Light Precipitation
D1592,Partly Cloudy
D1593,Mist or Fog
D1594,Partly Cloudy
D1595,Clear and Sunny
D1596,Moderate to Heavy Rain
D1597,Clear and Sunny
D1598,Clear and Sunny
D1599,Partly Cloudy
D1600,Mist or Fog
D1601,Mist or Fog
D1602,Mist or Fog
D1603,Partly Cloudy
D1604,Partly Cloudy
D1605,Partly Cloudy
D1606,Light Precipitation
D1607,Partly Cloudy
D1608,Mist or Fog
D1609,Mist or Fog
D1610,Mist or Fog
D1611,Mist or Fog
D1612,Partly Cloudy
D1613,Partly Cloudy
D1614,Rain Showers
D1615,Rain Showers
D1616,Clear and Sunny
D1617,Clear and Sunny
D1618,Clear and Sunny
D1619,Clear and Sunny
D1620,Clear and Sunny
D1621,Clear and Sunny
D1622,Clear and Sunny
D1623,Clear and Sunny
D1624,Clear and Sunny
D1625,Clear and Sunny
D1626,Clear and Sunny
D1627,Clear and Sunny
D1628,Clear and Sunny
D1629,Partly Cloudy
D1630,Clear and Sunny
D1631,Partly Cloudy
D1632,Partly Cloudy
D1633,Clear and Sunny
D1634,Clear and Sunny
D1635,Clear and Sunny
D1636,Clear and Sunny
D1637,Clear and Sunny
D1638,Clear and Sunny
D1639,Mist or Fog
D1640,Thunderstorms
D1641,Light Precipitation
D1642,Clear and Sunny
D1643,Thunderstorms
D1644,Mist or Fog
D1645,Mist or Fog
D1646,Mist or Fog
D1647,Mist or Fog
D1648,Mist or Fog
D1649,Mist or Fog
D1650,Light Rain with Thunder
D1651,Mist or Fog
D1652,Mist or Fog
D1653,Mist or Fog
D1654,Clear and Sunny
D1655,Thunderstorms
D1656,Mist or Fog
D1657,Mist or Fog
D1658,Light Precipitation
D1659,Mist or Fog
D1660,Mist or Fog
D1661,Mist or Fog
D1662,Mist or Fog
D1663,Mist or Fog
D1664,Mist or Fog
D1665,Partly Cloudy
D1666,Partly Cloudy
D1667,Clear and Sunny
D1668,Clear and Sunny
D1669,Clear and Sunny
D1670,Clear and Sunny
D1671,Clear and Sunny
D1672,Partly Cloudy
D1673,Cloudy and Overcast
D1674,Partly Cloudy
D1675,Clear and Sunny
D1676,Thunderstorms
D1677,Clear and Sunny
D1678,Clear and Sunny
D1679,Cloudy and Overcast
D1680,Partly Cloudy
D1681,Partly Cloudy
D1682,Clear and Sunny
D1683,Clear and Sunny
D1684,Partly Cloudy
D1685,Partly Cloudy
D1686,Clear and Sunny
D1687,Partly Cloudy
D1688,Clear and Sunny
D1689,Partly Cloudy
D1690,Thunderstorms
D1691,Clear and Sunny
D1692,Clear and Sunny
D1693,Clear and Sunny
D1694,Clear and Sunny
D1695,Clear and Sunny
D1696,Clear and Sunny
D1697,Clear and Sunny
D1698,Clear and Sunny
D1699,Clear and Sunny
D1700,Clear and Sunny
D1701,Clear and Sunny
D1702,Clear and Sunny
D1703,Clear and Sunny
D1704,Clear and Sunny
D1705,Clear and Sunny
D1706,Clear and Sunny
D1707,Clear and Sunny
D1708,Clear and Sunny
D1709,Clear and Sunny
D1710,Clear and Sunny
D1711,Clear and Sunny
D1712,Clear and Sunny
D1713,Clear and Sunny
D1714,Clear and Sunny
D1715,Clear and Sunny
D1716,Clear and Sunny
D1717,Light Rain with Thunder
D1718,Partly Cloudy
D1719,Thunderstorms
D1720,Light Precipitation
D1721,Mist or Fog
D1722,Light Precipitation
D1723,Light Precipitation
D1724,Light Precipitation
D1725,Partly Cloudy
D1726,Thunderstorms
D1727,Thunderstorms
D1728,Thunderstorms
D1729,Thunderstorms
D1730,Thunderstorms
D1731,Thunderstorms
D1732,Thunderstorms
D1733,Partly Cloudy
D1734,Thunderstorms
D1735,Light Rain with Thunder
D1736,Thunderstorms
D1737,Light Rain with Thunder
D1738,Partly Cloudy
D1739,Thunderstorms
D1740,Thunderstorms
D1741,Thunderstorms
D1742,Thunderstorms
D1743,Clear and Sunny
D1744,Partly Cloudy
D1745,Partly Cloudy
D1746,Clear and Sunny
D1747,Clear and Sunny
D1748,Clear and Sunny
D1749,Partly Cloudy
D1750,Partly Cloudy
D1751,Cloudy and Overcast
D1752,Clear and Sunny
D1753,Clear and Sunny
D1754,Clear and Sunny
D1755,Cloudy and Overcast
D1756,Cloudy and Overcast
D1757,Clear and Sunny
D1758,Clear and Sunny
D1759,Clear and Sunny
D1760,Moderate to Heavy Rain
D1761,Cloudy and Overcast
D1762,Moderate to Heavy Rain
D1763,Clear and Sunny
D1764,Partly Cloudy
D1765,Cloudy and Overcast
D1766,Cloudy and Overcast
D1767,Cloudy and Overcast
D1768,Light Precipitation
D1769,Partly Cloudy
D1770,Thunderstorms
D1771,Light Rain with Thunder
D1772,Partly Cloudy
D1773,Partly Cloudy
D1774,Light Rain with Thunder
D1775,Thunderstorms
D1776,Partly Cloudy
D1777,Partly Cloudy
D1778,Partly Cloudy
D1779,Light Rain with Thunder
D1780,Light Rain with Thunder
D1781,Light Rain with Thunder
D1782,Partly Cloudy
D1783,Partly Cloudy
D1784,Partly Cloudy
D1785,Partly Cloudy
D1786,Light Rain with Thunder
D1787,Light Rain with Thunder
D1788,Light Precipitation
D1789,Light Precipitation
D1790,Light Precipitation
D1791,Partly Cloudy
D1792,Partly Cloudy
D1793,Light Precipitation
D1794,Partly Cloudy
D1795,Clear and Sunny
D1796,Clear and Sunny
D1797,Clear and Sunny
D1798,Clear and Sunny
D1799,Thunderstorms
D1800,Clear and Sunny
D1801,Clear and Sunny
D1802,Clear and Sunny
D1803,Clear and Sunny
D1804,Clear and Sunny
D1805,Clear and Sunny
D1806,Clear and Sunny
D1807,Clear and Sunny
D1808,Clear and Sunny
D1809,Clear and Sunny
D1810,Light Rain with Thunder
D1811,Clear and Sunny
D1812,Clear and Sunny
D1813,Thunderstorms
D1814,Clear and Sunny
D1815,Clear and Sunny
D1816,Light Rain with Thunder
D1817,Clear and Sunny
D1818,Clear and Sunny
D1819,Clear and Sunny
D1820,Light Precipitation
D1821,Light Precipitation
D1822,Light Precipitation
D1823,Clear and Sunny
D1824,Partly Cloudy
D1825,Partly Cloudy
D1826,Rain Showers
D1827,Partly Cloudy
D1828,Partly Cloudy
D1829,Clear and Sunny
D1830,Clear and Sunny
D1831,Clear and Sunny
D1832,Mist or Fog
D1833,Partly Cloudy
D1834,Partly Cloudy
D1835,Light Precipitation
D1836,Clear and Sunny
D1837,Light Precipitation
D1838,Light Precipitation
D1839,Rain Showers
D1840,Mist or Fog
D1841,Clear and Sunny
D1842,Light Precipitation
D1843,Clear and Sunny
D1844,Clear and Sunny
D1845,Clear and Sunny
D1846,Partly Cloudy
D1847,Clear and Sunny
D1848,Clear and Sunny
D1849,Clear and Sunny
D1850,Clear and Sunny
D1851,Clear and Sunny
D1852,Partly Cloudy
D1853,Partly Cloudy
D1854,Partly Cloudy
D1855,Partly Cloudy
D1856,Partly Cloudy
D1857,Clear and Sunny
D1858,Clear and Sunny
D1859,Clear and Sunny
D1860,Clear and Sunny
D1861,Clear and Sunny
D1862,Partly Cloudy
D1863,Clear and Sunny
D1864,Partly Cloudy
D1865,Partly Cloudy
D1866,Clear and Sunny
D1867,Clear and Sunny
D1868,Clear and Sunny
D1869,Clear and Sunny
D1870,Light Precipitation
D1871,Clear and Sunny
D1872,Rain Showers
D1873,Mist or Fog
D1874,Light Precipitation
D1875,Partly Cloudy
D1876,Cloudy and Overcast
D1877,Light Precipitation
D1878,Light Rain with Thunder
D1879,Light Rain with Thunder
D1880,Partly Cloudy
D1881,Light Rain with Thunder
D1882,Mist or Fog
D1883,Mist or Fog
D1884,Moderate to Heavy Rain
D1885,Light Precipitation
D1886,Light Precipitation
D1887,Partly Cloudy
D1888,Clear and Sunny
D1889,Light Rain with Thunder
D1890,Partly Cloudy
D1891,Mist or Fog
D1892,Rain Showers
D1893,Moderate to Heavy Rain
D1894,Clear and Sunny
D1895,Moderate to Heavy Rain
D1896,Moderate to Heavy Rain
D1897,Moderate to Heavy Rain
D1898,Mist or Fog
D1899,Mist or Fog
D1900,Light Rain with Thunder
D1901,Partly Cloudy
D1902,Mist or Fog
D1903,Clear and Sunny
D1904,Clear and Sunny
D1905,Partly Cloudy
D1906,Clear and Sunny
D1907,Clear and Sunny
D1908,Clear and Sunny
D1909,Clear and Sunny
D1910,Clear and Sunny
D1911,Clear and Sunny
D1912,Clear and Sunny
D1913,Clear and Sunny
D1914,Clear and Sunny
D1915,Clear and Sunny
D1916,Clear and Sunny
D1917,Clear and Sunny
D1918,Clear and Sunny
D1919,Clear and Sunny
D1920,Clear and Sunny
D1921,Clear and Sunny
D1922,Clear and Sunny
D1923,Clear and Sunny
D1924,Clear and Sunny
D1925,Clear and Sunny
D1926,Clear and Sunny
D1927,Clear and Sunny
D1928,Clear and Sunny
D1929,Clear and Sunny
D1930,Clear and Sunny
D1931,Clear and Sunny
D1932,Partly Cloudy
D1933,Clear and Sunny
D1934,Clear and Sunny
D1935,Clear and Sunny
D1936,Clear and Sunny
D1937,Clear and Sunny
D1938,Clear and Sunny
D1939,Clear and Sunny
D1940,Clear and Sunny
D1941,Clear and Sunny
D1942,Light Precipitation
D1943,Clear and Sunny
D1944,Light Precipitation
D1945,Clear and Sunny
D1946,Light Precipitation
D1947,Light Precipitation
D1948,Light Precipitation
D1949,Clear and Sunny
D1950,Light Precipitation
D1951,Moderate to Heavy Rain
D1952,Light Precipitation
D1953,Light Precipitation
D1954,Light Precipitation
D1955,Light Precipitation
D1956,Light Precipitation
D1957,Light Precipitation
D1958,Light Precipitation
D1959,Light Precipitation
D1960,Mist or Fog
D1961,Light Rain with Thunder
D1962,Partly Cloudy
D1963,Partly Cloudy
D1964,Light Precipitation
D1965,Light Precipitation
D1966,Partly Cloudy
D1967,Light Precipitation
D1968,Light Precipitation
D1969,Mist or Fog
D1970,Light Precipitation
D1971,Partly Cloudy
D1972,Partly Cloudy
D1973,Partly Cloudy
D1974,Mist or Fog
D1975,Light Precipitation
D1976,Light Precipitation
D1977,Moderate to Heavy Rain
D1978,Cloudy and Overcast
D1979,Clear and Sunny
D1980,Clear and Sunny
D1981,Clear and Sunny
D1982,Clear and Sunny
D1983,Mist or Fog
D1984,Clear and Sunny
D1985,Clear and Sunny
D1986,Clear and Sunny
D1987,Clear and Sunny
D1988,Clear and Sunny
D1989,Clear and Sunny
D1990,Clear and Sunny
D1991,Clear and Sunny
D1992,Clear and Sunny
D1993,Clear and Sunny
D1994,Clear and Sunny
D1995,Clear and Sunny
D1996,Clear and Sunny
D1997,Clear and Sunny
D1998,Clear and Sunny
D1999,Clear and Sunny
D2000,Clear and Sunny
D2001,Clear and Sunny
D2002,Mist or Fog
D2003,Mist or Fog
D2004,Clear and Sunny
D2005,Clear and Sunny
D2006,Clear and Sunny
D2007,Clear and Sunny
D2008,Clear and Sunny
D2009,Clear and Sunny
D2010,Mist or Fog
D2011,Mist or Fog
D2012,Mist or Fog
D2013,Clear and Sunny
D2014,Clear and Sunny
D2015,Clear and Sunny
D2016,Clear and Sunny
D2017,Mist or Fog
D2018,Mist or Fog
D2019,Clear and Sunny
D2020,Clear and Sunny
D2021,Clear and Sunny
D2022,Clear and Sunny
D2023,Clear and Sunny
D2024,Clear and Sunny
D2025,Clear and Sunny
D2026,Clear and Sunny
D2027,Clear and Sunny
D2028,Clear and Sunny
D2029,Partly Cloudy
D2030,Light Precipitation
D2031,Clear and Sunny
D2032,Clear and Sunny
D2033,Clear and Sunny
D2034,Clear and Sunny
D2035,Clear and Sunny
D2036,Clear and Sunny
D2037,Clear and Sunny
D2038,Clear and Sunny
D2039,Clear and Sunny
D2040,Clear and Sunny
D2041,Clear and Sunny
D2042,Clear and Sunny
D2043,Clear and Sunny
D2044,Clear and Sunny
D2045,Clear and Sunny
D2046,Clear and Sunny
D2047,Partly Cloudy
D2048,Clear and Sunny
D2049,Clear and Sunny
D2050,Clear and Sunny
D2051,Clear and Sunny
D2052,Clear and Sunny
D2053,Clear and Sunny
D2054,Partly Cloudy
D2055,Cloudy and Overcast
D2056,Clear and Sunny
D2057,Clear and Sunny
D2058,Clear and Sunny
D2059,Clear and Sunny
D2060,Clear and Sunny
D2061,Clear and Sunny
D2062,Clear and Sunny
D2063,Clear and Sunny
D2064,Clear and Sunny
D2065,Partly Cloudy
D2066,Clear and Sunny
D2067,Mist or Fog
D2068,Partly Cloudy
D2069,Mist or Fog
D2070,Partly Cloudy
D2071,Clear and Sunny
D2072,Clear and Sunny
D2073,Mist or Fog
D2074,Mist or Fog
D2075,Mist or Fog
D2076,Clear and Sunny
D2077,Partly Cloudy
D2078,Mist or Fog
D2079,Clear and Sunny
D2080,Partly Cloudy
D2081,Partly Cloudy
D2082,Clear and Sunny
D2083,Partly Cloudy
D2084,Light Rain with Thunder
D2085,Partly Cloudy
D2086,Clear and Sunny
D2087,Partly Cloudy
D2088,Thunderstorms
D2089,Partly Cloudy
D2090,Partly Cloudy
D2091,Partly Cloudy
D2092,Partly Cloudy
D2093,Light Precipitation
D2094,Partly Cloudy
D2095,Partly Cloudy
D2096,Partly Cloudy
D2097,Partly Cloudy
D2098,Partly Cloudy
D2099,Thunderstorms
D2100,Partly Cloudy
D2101,Partly Cloudy
D2102,Thunderstorms
D2103,Partly Cloudy
D2104,Partly Cloudy
D2105,Partly Cloudy
D2106,Partly Cloudy
D2107,Partly Cloudy
D2108,Partly Cloudy
D2109,Partly Cloudy
D2110,Partly Cloudy
D2111,Partly Cloudy
D2112,Partly Cloudy
D2113,Partly Cloudy
D2114,Partly Cloudy
D2115,Partly Cloudy
D2116,Partly Cloudy
D2117,Partly Cloudy
D2118,Light Precipitation
D2119,Partly Cloudy
D2120,Partly Cloudy
D2121,Partly Cloudy
D2122,Partly Cloudy
D2123,Partly Cloudy
D2124,Partly Cloudy
D2125,Light Rain with Thunder
D2126,Partly Cloudy
D2127,Partly Cloudy
D2128,Partly Cloudy
D2129,Partly Cloudy
D2130,Partly Cloudy
D2131,Partly Cloudy
D2132,Cloudy and Overcast
D2133,Cloudy and Overcast
D2134,Partly Cloudy
D2135,Cloudy and Overcast
D2136,Partly Cloudy
D2137,Partly Cloudy
D2138,Partly Cloudy
D2139,Cloudy and Overcast
D2140,Partly Cloudy
D2141,Partly Cloudy
D2142,Partly Cloudy
D2143,Light Rain with Thunder
D2144,Partly Cloudy
D2145,Thunderstorms
D2146,Partly Cloudy
D2147,Partly Cloudy
D2148,Partly Cloudy
D2149,Cloudy and Overcast
D2150,Partly Cloudy
D2151,Partly Cloudy
D2152,Cloudy and Overcast
D2153,Cloudy and Overcast
D2154,Light Precipitation
D2155,Cloudy and Overcast
D2156,Partly Cloudy
D2157,Partly Cloudy
D2158,Light Precipitation
D2159,Partly Cloudy
D2160,Clear and Sunny
D2161,Clear and Sunny
D2162,Clear and Sunny
D2163,Clear and Sunny
D2164,Clear and Sunny
D2165,Clear and Sunny
D2166,Clear and Sunny
D2167,Clear and Sunny
D2168,Clear and Sunny
D2169,Clear and Sunny
D2170,Clear and Sunny
D2171,Clear and Sunny
D2172,Clear and Sunny
D2173,Clear and Sunny
D2174,Partly Cloudy
D2175,Thunderstorms
D2176,Clear and Sunny
D2177,Partly Cloudy
D2178,Partly Cloudy
D2179,Clear and Sunny
D2180,Clear and Sunny
D2181,Thunderstorms
D2182,Cloudy and Overcast
D2183,Clear and Sunny
D2184,Clear and Sunny
D2185,Clear and Sunny
D2186,Clear and Sunny
D2187,Clear and Sunny
D2188,Clear and Sunny
D2189,Clear and Sunny
D2190,Clear and Sunny
D2191,Clear and Sunny
D2192,Clear and Sunny
D2193,Clear and Sunny
D2194,Clear and Sunny
D2195,Clear and Sunny
D2196,Clear and Sunny
D2197,Clear and Sunny
D2198,Clear and Sunny
D2199,Clear and Sunny
D2200,Partly Cloudy
D2201,Clear and Sunny
D2202,Clear and Sunny
D2203,Clear and Sunny
D2204,Clear and Sunny
D2205,Clear and Sunny
D2206,Clear and Sunny
D2207,Clear and Sunny
D2208,Clear and Sunny
D2209,Clear and Sunny
D2210,Moderate to Heavy Rain
D2211,Rain Showers
D2212,Moderate to Heavy Rain
D2213,Thunderstorms
D2214,Moderate to Heavy Rain
D2215,Thunderstorms
D2216,Partly Cloudy
D2217,Partly Cloudy
D2218,Light Rain with Thunder
D2219,Rain Showers
D2220,Thunderstorms
D2221,Thunderstorms
D2222,Partly Cloudy
D2223,Thunderstorms
D2224,Light Rain with Thunder
D2225,Light Rain with Thunder
D2226,Partly Cloudy
D2227,Thunderstorms
D2228,Partly Cloudy
D2229,Cloudy and Overcast
D2230,Rain Showers
D2231,Partly Cloudy
D2232,Partly Cloudy
D2233,Thunderstorms
D2234,Thunderstorms
D2235,Thunderstorms
D2236,Partly Cloudy
D2237,Clear and Sunny
D2238,Clear and Sunny
D2239,Partly Cloudy
D2240,Clear and Sunny
D2241,Clear and Sunny
D2242,Clear and Sunny
D2243,Clear and Sunny
D2244,Clear and Sunny
D2245,Clear and Sunny
D2246,Clear and Sunny
D2247,Clear and Sunny
D2248,Clear and Sunny
D2249,Clear and Sunny
D2250,Clear and Sunny
D2251,Clear and Sunny
D2252,Clear and Sunny
D2253,Clear and Sunny
D2254,Clear and Sunny
D2255,Clear and Sunny
D2256,Clear and Sunny
D2257,Clear and Sunny
D2258,Clear and Sunny
D2259,Clear and Sunny
D2260,Clear and Sunny
D2261,Clear and Sunny
D2262,Rain Showers
D2263,Moderate to Heavy Rain
D2264,Light Rain with Thunder
D2265,Cloudy and Overcast
D2266,Rain Showers
D2267,Rain Showers
D2268,Rain Showers
D2269,Moderate to Heavy Rain
D2270,Light Precipitation
D2271,Partly Cloudy
D2272,Cloudy and Overcast
D2273,Cloudy and Overcast
D2274,Rain Showers
D2275,Cloudy and Overcast
D2276,Thunderstorms
D2277,Rain Showers
D2278,Partly Cloudy
D2279,Partly Cloudy
D2280,Cloudy and Overcast
D2281,Thunderstorms
D2282,Light Precipitation
D2283,Rain Showers
D2284,Rain Showers
D2285,Cloudy and Overcast
D2286,Rain Showers
D2287,Moderate to Heavy Rain
D2288,Light Precipitation
D2289,Rain Showers
D2290,Partly Cloudy
D2291,Partly Cloudy
D2292,Partly Cloudy
D2293,Cloudy and Overcast
D2294,Partly Cloudy
D2295,Partly Cloudy
D2296,Light Precipitation
D2297,Light Precipitation
D2298,Light Precipitation
D2299,Light Rain with Thunder
D2300,Cloudy and Overcast
D2301,Light Precipitation
D2302,Light Precipitation
D2303,Clear and Sunny
D2304,Cloudy and Overcast
D2305,Partly Cloudy
D2306,Partly Cloudy
D2307,Partly Cloudy
D2308,Thunderstorms
D2309,Partly Cloudy
D2310,Partly Cloudy
D2311,Thunderstorms
D2312,Cloudy and Overcast
D2313,Thunderstorms
D2314,Moderate to Heavy Rain
D2315,Cloudy and Overcast
D2316,Moderate to Heavy Rain
D2317,Partly Cloudy
D2318,Clear and Sunny
D2319,Clear and Sunny
D2320,Partly Cloudy
D2321,Partly Cloudy
D2322,Clear and Sunny
D2323,Partly Cloudy
D2324,Clear and Sunny
D2325,Clear and Sunny
D2326,Clear and Sunny
D2327,Clear and Sunny
D2328,Clear and Sunny
D2329,Clear and Sunny
D2330,Light Precipitation
D2331,Light Precipitation
D2332,Partly Cloudy
D2333,Partly Cloudy
D2334,Clear and Sunny
D2335,Rain Showers
D2336,Clear and Sunny
D2337,Cloudy and Overcast
D2338,Cloudy and Overcast
D2339,Moderate to Heavy Rain
D2340,Cloudy and Overcast
D2341,Light Precipitation
D2342,Light Precipitation
D2343,Light Precipitation
D2344,Partly Cloudy
D2345,Clear and Sunny
D2346,Partly Cloudy
D2347,Partly Cloudy
D2348,Partly Cloudy
D2349,Partly Cloudy
D2350,Partly Cloudy
D2351,Light Precipitation
D2352,Light Precipitation
D2353,Light Precipitation
D2354,Light Precipitation
D2355,Light Precipitation
D2356,Partly Cloudy
D2357,Light Rain with Thunder
D2358,Light Precipitation
D2359,Light Precipitation
D2360,Light Precipitation
D2361,Partly Cloudy
D2362,Rain Showers
D2363,Light Precipitation
D2364,Light Rain with Thunder
D2365,Light Precipitation
D2366,Clear and Sunny
D2367,Clear and Sunny
D2368,Clear and Sunny
D2369,Clear and Sunny
D2370,Clear and Sunny
D2371,Clear and Sunny
D2372,Clear and Sunny
D2373,Clear and Sunny
D2374,Clear and Sunny
D2375,Clear and Sunny
D2376,Clear and Sunny
D2377,Clear and Sunny
D2378,Clear and Sunny
D2379,Clear and Sunny
D2380,Clear and Sunny
D2381,Clear and Sunny
D2382,Clear and Sunny
D2383,Clear and Sunny
D2384,Clear and Sunny
D2385,Clear and Sunny
D2386,Clear and Sunny
D2387,Clear and Sunny
D2388,Clear and Sunny
D2389,Clear and Sunny
D2390,Clear and Sunny
D2391,Clear and Sunny
D2392,Cloudy and Overcast
D2393,Light Precipitation
D2394,Light Precipitation
D2395,Partly Cloudy
D2396,Clear and Sunny
D2397,Cloudy and Overcast
D2398,Light Precipitation
D2399,Light Precipitation
D2400,Partly Cloudy
D2401,Light Precipitation
D2402,Clear and Sunny
D2403,Clear and Sunny
D2404,Clear and Sunny
D2405,Light Precipitation
D2406,Clear and Sunny
D2407,Light Precipitation
D2408,Partly Cloudy
D2409,Light Precipitation
D2410,Partly Cloudy
D2411,Light Precipitation
D2412,Partly Cloudy
D2413,Light Precipitation
D2414,Light Precipitation
D2415,Clear and Sunny
D2416,Clear and Sunny
D2417,Partly Cloudy
D2418,Clear and Sunny
D2419,Clear and Sunny
D2420,Clear and Sunny
D2421,Clear and Sunny
D2422,Clear and Sunny
D2423,Partly Cloudy
D2424,Cloudy and Overcast
D2425,Partly Cloudy
D2426,Clear and Sunny
D2427,Clear and Sunny
D2428,Clear and Sunny
D2429,Thunderstorms
D2430,Mist or Fog
D2431,Partly Cloudy
D2432,Clear and Sunny
D2433,Clear and Sunny
D2434,Partly Cloudy
D2435,Clear and Sunny
D2436,Clear and Sunny
D2437,Clear and Sunny
D2438,Partly Cloudy
D2439,Clear and Sunny
D2440,Partly Cloudy
D2441,Clear and Sunny
D2442,Partly Cloudy
D2443,Light Rain with Thunder
D2444,Moderate to Heavy Rain
D2445,Moderate to Heavy Rain
D2446,Thunderstorms
D2447,Cloudy and Overcast
D2448,Partly Cloudy
D2449,Cloudy and Overcast
D2450,Thunderstorms
D2451,Moderate to Heavy Rain
D2452,Moderate to Heavy Rain
D2453,Moderate to Heavy Rain
D2454,Rain Showers
D2455,Moderate to Heavy Rain
D2456,Moderate to Heavy Rain
D2457,Moderate to Heavy Rain
D2458,Partly Cloudy
D2459,Partly Cloudy
D2460,Moderate to Heavy Rain
D2461,Thunderstorms
D2462,Thunderstorms
D2463,Moderate to Heavy Rain
D2464,Thunderstorms
D2465,Moderate to Heavy Rain
D2466,Partly Cloudy
D2467,Partly Cloudy
D2468,Partly Cloudy
D2469,Light Rain with Thunder
D2470,Moderate to Heavy Rain
D2471,Partly Cloudy
D2472,Partly Cloudy
D2473,Clear and Sunny
D2474,Light Rain with Thunder
D2475,Light Rain with Thunder
D2476,Clear and Sunny
D2477,Clear and Sunny
D2478,Clear and Sunny
D2479,Partly Cloudy
D2480,Cloudy and Overcast
D2481,Clear and Sunny
D2482,Clear and Sunny
D2483,Clear and Sunny
D2484,Clear and Sunny
D2485,Clear and Sunny
D2486,Clear and Sunny
D2487,Clear and Sunny
D2488,Clear and Sunny
D2489,Clear and Sunny
D2490,Clear and Sunny
D2491,Clear and Sunny
D2492,Clear and Sunny
D2493,Clear and Sunny
D2494,Clear and Sunny
D2495,Clear and Sunny
D2496,Light Precipitation
D2497,Clear and Sunny
D2498,Cloudy and Overcast
D2499,Mist or Fog
D2500,Clear and Sunny
D2501,Cloudy and Overcast
D2502,Clear and Sunny
D2503,Cloudy and Overcast
D2504,Clear and Sunny
D2505,Clear and Sunny
D2506,Partly Cloudy
D2507,Cloudy and Overcast
D2508,Mist or Fog
D2509,Cloudy and Overcast
D2510,Cloudy and Overcast
D2511,Clear and Sunny
D2512,Mist or Fog
D2513,Cloudy and Overcast
D2514,Partly Cloudy
D2515,Mist or Fog
D2516,Cloudy and Overcast
D2517,Moderate to Heavy Rain
D2518,Clear and Sunny
D2519,Clear and Sunny
D2520,Moderate to Heavy Rain
D2521,Light Rain with Thunder
D2522,Clear and Sunny
D2523,Clear and Sunny
D2524,Clear and Sunny
D2525,Clear and Sunny
D2526,Clear and Sunny
D2527,Clear and Sunny
D2528,Clear and Sunny
D2529,Clear and Sunny
D2530,Clear and Sunny
D2531,Clear and Sunny
D2532,Clear and Sunny
D2533,Clear and Sunny
D2534,Clear and Sunny
D2535,Clear and Sunny
D2536,Clear and Sunny
D2537,Clear and Sunny
D2538,Clear and Sunny
D2539,Clear and Sunny
D2540,Clear and Sunny
D2541,Clear and Sunny
D2542,Clear and Sunny
D2543,Clear and Sunny
D2544,Clear and Sunny
D2545,Clear and Sunny
D2546,Clear and Sunny
D2547,Partly Cloudy
D2548,Clear and Sunny
D2549,Partly Cloudy
D2550,Clear and Sunny
D2551,Clear and Sunny
D2552,Clear and Sunny
D2553,Clear and Sunny
D2554,Clear and Sunny
D2555,Clear and Sunny
D2556,Clear and Sunny
D2557,Clear and Sunny
D2558,Clear and Sunny
D2559,Clear and Sunny
D2560,Clear and Sunny
D2561,Clear and Sunny
D2562,Partly Cloudy
D2563,Light Rain with Thunder
D2564,Partly Cloudy
D2565,Clear and Sunny
D2566,Clear and Sunny
D2567,Clear and Sunny
D2568,Clear and Sunny
D2569,Partly Cloudy
D2570,Partly Cloudy
D2571,Clear and Sunny
D2572,Clear and Sunny
D2573,Partly Cloudy
D2574,Partly Cloudy
D2575,Clear and Sunny
D2576,Clear and Sunny
D2577,Clear and Sunny
D2578,Clear and Sunny
D2579,Clear and Sunny
D2580,Clear and Sunny
D2581,Clear and Sunny
D2582,Clear and Sunny
D2583,Clear and Sunny
D2584,Clear and Sunny
D2585,Clear and Sunny
D2586,Clear and Sunny
D2587,Clear and Sunny
D2588,Clear and Sunny
D2589,Partly Cloudy
D2590,Clear and Sunny
D2591,Clear and Sunny
D2592,Clear and Sunny
D2593,Clear and Sunny
D2594,Clear and Sunny
D2595,Clear and Sunny
D2596,Clear and Sunny
D2597,Clear and Sunny
D2598,Clear and Sunny
D2599,Light Rain with Thunder
D2600,Partly Cloudy
D2601,Thunderstorms
D2602,Partly Cloudy
D2603,Rain Showers
D2604,Partly Cloudy
D2605,Partly Cloudy
D2606,Partly Cloudy
D2607,Partly Cloudy
D2608,Partly Cloudy
D2609,Partly Cloudy
D2610,Partly Cloudy
D2611,Partly Cloudy
D2612,Partly Cloudy
D2613,Partly Cloudy
D2614,Partly Cloudy
D2615,Partly Cloudy
D2616,Partly Cloudy
D2617,Partly Cloudy
D2618,Light Rain with Thunder
D2619,Partly Cloudy
D2620,Partly Cloudy
D2621,Partly Cloudy
D2622,Cloudy and Overcast
D2623,Partly Cloudy
D2624,Partly Cloudy
D2625,Clear and Sunny
D2626,Clear and Sunny
D2627,Clear and Sunny
D2628,Clear and Sunny
D2629,Clear and Sunny
D2630,Thunderstorms
D2631,Light Precipitation
D2632,Cloudy and Overcast
D2633,Clear and Sunny
D2634,Clear and Sunny
D2635,Clear and Sunny
D2636,Clear and Sunny
D2637,Clear and Sunny
D2638,Clear and Sunny
D2639,Clear and Sunny
D2640,Clear and Sunny
D2641,Clear and Sunny
D2642,Clear and Sunny
D2643,Clear and Sunny
D2644,Clear and Sunny
D2645,Clear and Sunny
D2646,Clear and Sunny
D2647,Clear and Sunny
D2648,Clear and Sunny
D2649,Clear and Sunny
D2650,Clear and Sunny
D2651,Partly Cloudy
D2652,Light Precipitation
D2653,Clear and Sunny
D2654,Clear and Sunny
D2655,Clear and Sunny
D2656,Clear and Sunny
D2657,Clear and Sunny
D2658,Clear and Sunny
D2659,Clear and Sunny
D2660,Clear and Sunny
D2661,Clear and Sunny
D2662,Partly Cloudy
D2663,Clear and Sunny
D2664,Cloudy and Overcast
D2665,Clear and Sunny
D2666,Clear and Sunny
D2667,Clear and Sunny
D2668,Clear and Sunny
D2669,Clear and Sunny
D2670,Clear and Sunny
D2671,Clear and Sunny
D2672,Partly Cloudy
D2673,Partly Cloudy
D2674,Clear and Sunny
D2675,Clear and Sunny
D2676,Clear and Sunny
D2677,Partly Cloudy
D2678,Light Precipitation
D2679,Partly Cloudy
D2680,Partly Cloudy
D2681,Partly Cloudy
D2682,Partly Cloudy
D2683,Partly Cloudy
D2684,Light Precipitation
D2685,Cloudy and Overcast
D2686,Partly Cloudy
D2687,Partly Cloudy
D2688,Partly Cloudy
D2689,Partly Cloudy
D2690,Partly Cloudy
D2691,Cloudy and Overcast
D2692,Cloudy and Overcast
D2693,Partly Cloudy
D2694,Partly Cloudy
D2695,Partly Cloudy
D2696,Partly Cloudy
D2697,Partly Cloudy
D2698,Cloudy and Overcast
D2699,Partly Cloudy
D2700,Cloudy and Overcast
D2701,Rain Showers
D2702,Clear and Sunny
D2703,Light Precipitation
D2704,Moderate to Heavy Rain
D2705,Partly Cloudy
D2706,Partly Cloudy
D2707,Partly Cloudy
D2708,Clear and Sunny
D2709,Clear and Sunny
D2710,Clear and Sunny
D2711,Clear and Sunny
D2712,Mist or Fog
D2713,Clear and Sunny
D2714,Clear and Sunny
D2715,Partly Cloudy
D2716,Partly Cloudy
D2717,Light Rain with Thunder
D2718,Clear and Sunny
D2719,Partly Cloudy
D2720,Clear and Sunny
D2721,Clear and Sunny
D2722,Clear and Sunny
D2723,Clear and Sunny
D2724,Clear and Sunny
D2725,Clear and Sunny
D2726,Clear and Sunny
D2727,Mist or Fog
D2728,Mist or Fog
D2729,Mist or Fog
D2730,Mist or Fog
D2731,Mist or Fog
D2732,Partly Cloudy
D2733,Clear and Sunny
D2734,Mist or Fog
D2735,Clear and Sunny
D2736,Clear and Sunny
D2737,Clear and Sunny
D2738,Clear and Sunny
D2739,Partly Cloudy
D2740,Cloudy and Overcast
D2741,Light Precipitation
D2742,Light Precipitation
D2743,Clear and Sunny
D2744,Mist or Fog
D2745,Clear and Sunny
D2746,Clear and Sunny
D2747,Clear and Sunny
D2748,Partly Cloudy
D2749,Cloudy and Overcast
D2750,Clear and Sunny
D2751,Mist or Fog
D2752,Cloudy and Overcast
D2753,Cloudy and Overcast
D2754,Partly Cloudy
D2755,Clear and Sunny
D2756,Clear and Sunny
D2757,Clear and Sunny
D2758,Moderate to Heavy Rain
D2759,Clear and Sunny
D2760,Cloudy and Overcast
D2761,Cloudy and Overcast
D2762,Cloudy and Overcast
D2763,Clear and Sunny
D2764,Mist or Fog
D2765,Mist or Fog
D2766,Clear and Sunny
D2767,Clear and Sunny
D2768,Clear and Sunny
D2769,Clear and Sunny
D2770,Moderate to Heavy Rain
D2771,Partly Cloudy
D2772,Clear and Sunny
D2773,Cloudy and Overcast
D2774,Light Precipitation
D2775,Clear and Sunny
D2776,Clear and Sunny
D2777,Cloudy and Overcast
D2778,Moderate to Heavy Rain
D2779,Clear and Sunny
D2780,Partly Cloudy
D2781,Clear and Sunny
D2782,Clear and Sunny
D2783,Clear and Sunny
D2784,Clear and Sunny
D2785,Cloudy and Overcast
D2786,Cloudy and Overcast
D2787,Cloudy and Overcast
D2788,Cloudy and Overcast
D2789,Clear and Sunny
D2790,Clear and Sunny
D2791,Partly Cloudy
D2792,Partly Cloudy
D2793,Clear and Sunny
D2794,Clear and Sunny
D2795,Clear and Sunny
D2796,Partly Cloudy
D2797,Clear and Sunny
D2798,Clear and Sunny
D2799,Clear and Sunny
D2800,Clear and Sunny
D2801,Partly Cloudy
D2802,Clear and Sunny
D2803,Clear and Sunny
D2804,Clear and Sunny
D2805,Clear and Sunny
D2806,Clear and Sunny
D2807,Clear and Sunny
D2808,Clear and Sunny
D2809,Clear and Sunny
D2810,Clear and Sunny
D2811,Clear and Sunny
D2812,Cloudy and Overcast
D2813,Partly Cloudy
D2814,Clear and Sunny
D2815,Clear and Sunny
D2816,Cloudy and Overcast
D2817,Moderate to Heavy Rain
D2818,Partly Cloudy
D2819,Partly Cloudy
D2820,Partly Cloudy
D2821,Partly Cloudy
D2822,Partly Cloudy
D2823,Partly Cloudy
D2824,Cloudy and Overcast
D2825,Cloudy and Overcast
D2826,Cloudy and Overcast
D2827,Cloudy and Overcast
D2828,Cloudy and Overcast
D2829,Cloudy and Overcast
D2830,Partly Cloudy
D2831,Cloudy and Overcast
D2832,Moderate to Heavy Rain
D2833,Cloudy and Overcast
D2834,Light Precipitation
D2835,Cloudy and Overcast
D2836,Cloudy and Overcast
D2837,Cloudy and Overcast
D2838,Cloudy and Overcast
D2839,Partly Cloudy
D2840,Partly Cloudy
D2841,Partly Cloudy
D2842,Partly Cloudy
D2843,Partly Cloudy
D2844,Light Rain with Thunder
D2845,Partly Cloudy
D2846,Light Rain with Thunder
D2847,Partly Cloudy
D2848,Light Rain with Thunder
D2849,Light Rain with Thunder
D2850,Light Rain with Thunder
D2851,Partly Cloudy
D2852,Clear and Sunny
D2853,Clear and Sunny
D2854,Clear and Sunny
D2855,Clear and Sunny
D2856,Clear and Sunny
D2857,Clear and Sunny
D2858,Partly Cloudy
D2859,Clear and Sunny
D2860,Partly Cloudy
D2861,Partly Cloudy
D2862,Partly Cloudy
D2863,Partly Cloudy
D2864,Light Precipitation
D2865,Partly Cloudy
D2866,Light Rain with Thunder
D2867,Partly Cloudy
D2868,Clear and Sunny
D2869,Clear and Sunny
D2870,Clear and Sunny
D2871,Clear and Sunny
D2872,Clear and Sunny
D2873,Clear and Sunny
D2874,Clear and Sunny
D2875,Clear and Sunny
D2876,Clear and Sunny
D2877,Clear and Sunny
D2878,Clear and Sunny
D2879,Clear and Sunny
D2880,Clear and Sunny
D2881,Clear and Sunny
D2882,Clear and Sunny
D2883,Partly Cloudy
D2884,Partly Cloudy
D2885,Clear and Sunny
D2886,Clear and Sunny
D2887,Clear and Sunny
D2888,Clear and Sunny
D2889,Clear and Sunny
D2890,Clear and Sunny
D2891,Clear and Sunny
D2892,Clear and Sunny
D2893,Clear and Sunny
